"LouwNida_Code","SemDom","SemDom_Name"
"1 Geographical Objects and Features","1.2;1.2.1","Land;World"
"10 Kinship Terms","4.1.9","Kinship"
"10A Groups and Members of Groups of Persons Regarded as Related by Blood but without Special Reference to Successive Generations","4.1.9.1","Related by birth"
"10B Kinship Relations Involving Successive Generations","4.1.9.1","Related by birth"
"10C Kinship Relations of the Same Generation","4.1.9.1.3","Brother, sister"
"10D Kinship Relations Based upon Marriage","4.1.9.2","Related by marriage"
"11 Groups and Classes of Persons and Members of Such Groups and Classes","4.2.1.7","Crowd, group"
"11A General","4.2.1.7","Crowd, group"
"11B Socio-Religious","4.9.7","Religious organization"
"11C Socio-Political","4.6.6.5","Politics"
"11D Ethnic-Cultural","4.1.9.8","Family, clan"
"11E Philosophical","3.2.5.5","Philosophy"
"12 Supernatural Beings and Powers","4.9;4.9.2","Religion;Supernatural being"
"12A Supernatural Beings","4.9.2","Supernatural being"
"12B Supernatural Powers","4.9.4","Miracle, supernatural power"
"13 Be, Become, Exist, Happen","9;9.1","General words;Grammar"
"13A State","8;9.1.1","Be;States"
"13B Change of State","9.1.1.2","Become, change state"
"13C Exist","9.1.1.1","Exist"
"13D Happen","9.1.2.1","Happen"
"14 Physical Events and States","1","Universe, creation"
"14A Weather","1.1.3","Weather"
"14B Wind","1.1.3.1","Wind"
"14C Rain","1.1.3.3","Rain"
"14D Thunder and Lightning","1.1.3.6","Lightning, thunder"
"14E Events Involving Liquids and Dry Masses","1.3.2","Movement of water"
"14F Light","8.3.3","Light"
"14G Darkness","8.3.3.2","Dark"
"14H Burning","5.5.4","Burn"
"14I Sound","2.3.2.3","Types of sounds"
"14J Movement of the Earth x","1.2.1.7","Earthquake"
"15 Linear Movement","7.2","Move"
"15A Move, Come/Go","7.2","Move"
"15A' Movement with Speed x","7.2.1.2","Move quickly"
"15B Travel, Journey","7.2.4","Travel"
"15B' Goal-Oriented Movement","7.2.1.2","Move quickly"
"15C Pass, Cross Over, Go Through, Go Around","7.2.3.5","Move past, over, through"
"15C' Walk, Step x","7.2.1;7.2.1.1","Manner of movement;Walk"
"15D Leave, Depart, Flee, Escape, Send","7.2.3.3;7.3.3.3","Leave;Send"
"15D' Run x","7.2.1.1.1","Run"
"15E Come Near, Approach","7.2.3","Move toward something"
"15E' Jump, Leap x","7.2.1.1.3","Jump"
"15F Come, Come To, Arrive","7.2.3.3.1","Arrive"
"15F' Dance","4.2.4","Dance"
"15G Return","7.2.3.6","Return"
"15G' Fly","7.2.4.3","Fly"
"15H Come/Go Into","7.2.3.4","Move in"
"15H' Swim","7.2.4.2.2","Swim"
"15I Come/Go Onto","7.2.2;7.2.2.4","Move in a direction;Move up"
"15I' Roll","7.2.2.7","Move in a circle"
"15J Come/Go Up, Ascend","7.2.2;7.2.2.4","Move in a direction;Move up"
"15K Come/Go Down, Descend","7.2.2.5","Move down"
"15L Fall","7.2.2.5.1","Fall"
"15M Gather, Cause to Come Together","7.5.1","Gather"
"15N Disperse, Scatter","7.5.1.1","Separate, scatter"
"15O Come/Go Prior To","7.2.5.1;8.4.5.2","Before;Go first"
"15P Come/Go In Front Of","7.2.5.1","Go first"
"15Q Come/Go Behind","7.2.5.2","Follow"
"15R Go Around, Surround","7.2.2.7;7.2.4","Move in a circle;Travel"
"15S Come/Go With, Travel With","7.2.5;7.2.5.3","Accompany;Guide"
"15T Follow, Accompany","7.2.5;7.2.5.2","Accompany;Follow"
"15U Pursue, Follow","7.2.6","Pursue"
"15V Drive Along, Carry Along","7.3.3.5","Drive along"
"15W Lead, Bring, Take","7.3.3","Take somewhere"
"15X Carry, Bear","7.3;7.3.1","Carry;Move something"
"15Y Pull, Draw, Drag x","7.3.2.8","Pull"
"15Z Throw, Hurl","7.3.1.1","Throw"
"16 Non-Linear Movement","7.2;7.2.2.8;7.3.1.3;7.3.4.7;7.3.5","Extend;Move;Move back and forth;Shake;Turn something"
"17 Stances and Events Related to Stances","7;7.1","Physical actions;Posture"
"17A Stand x","7.1.1","Stand"
"17B Sit x","7.1.2","Sit"
"17C Kneel x","7.1.4","Kneel"
"17D Prostrate x","8.3.1.4","Horizontal"
"17E Prostrate as an Act of Reverence or Supplication x","7.1.5","Bow"
"17F Recline x","7.1.3","Lie down"
"17G Lie x","7.1.3","Lie down"
"17H Bend Over, Straighten Up x","7.1.8","Bend down"
"18 Attachment","7.3.4.4;7.5.2;7.5.4","Hold;Join, attach;Tie"
"18A Grasp, Hold","7.3.4.4","Hold"
"18B Fasten, Stick To","7.3.2;7.3.2.4;7.3.2.4.1;7.5.2;7.5.4","Hang;Join, attach;Lift;Move something in a direction;Tie"
"19 Physical Impact","7.7","Physical impact"
"19A Hit, Strike","7.7.1","Hit"
"19B Pierce, Cut","7.8.3;7.8.5","Cut;Make hole, opening"
"19C Split, Tear","7.8.4","Tear, rip"
"19D Break, Break Through","7.8.1","Break"
"19E Press","7.7.4","Press"
"19F Dig","7.8.6","Dig"
"1A Universe, Creation","1","Universe, creation"
"1B Regions Above the Earth","1.1","Sky"
"1C Regions Below the Surface of the Earth","1.2.1.5;4.9.6","Heaven, hell;Underground"
"1D Heavenly Bodies","1.1.1","Sun"
"1E Atmospheric Objects","1.1.3.2","Cloud"
"1F The Earth's Surface","1.2;1.2.1","Land;World"
"1G Elevated Land Formations","1.2.1.1","Mountain"
"1H Depressions and Holes","1.2.1.4;1.2.1.5;8.3.2.5","Furrow;Underground;Valley"
"1I Land in Contrast With the Sea","1.3.1.5","Island, shore"
"1J Bodies of Water","1.3.1","Bodies of water"
"1K Sociopolitical Areas","4.6.7","Region"
"1L Governmental Administrative Areas","4.6.7.1","Country"
"1M Areas Which Are Uninhabited or Only Sparsely Populated","4.6.7.3","Countryside"
"1N Population Centers","4.6.7.2","City"
"1O Pastures and Cultivated Lands","6.2.9;6.3","Animal husbandry;Farmland"
"1P Thoroughfares: Roads, Streets, Paths, etc.","6.5.4;6.5.4.1","Infrastructure;Road"
"2 Natural Substances","1.2.2","Substance, matter"
"20 Violence, Harm, Destroy, Kill","7.9;7.9.1;7.9.3","Break, wear out;Damage;Destroy"
"20A Violence","4.8.2.8","Violent"
"20B Harm, wound","2.5.3;7.9;7.9.1","Break, wear out;Damage;Injure"
"20C Destroy","7.9.3","Destroy"
"20D Kill","2.6.6.1","Kill"
"21 Danger, Risk, Safe, Save","4.4.2.2","Danger"
"21A Danger","4.4.2.2","Danger"
"21B Expose Oneself to Danger","4.4.4.8","Risk"
"21C Safe, Free from Danger","4.4.4.4","Save from trouble"
"21D Become Safe, Free from Danger","4.4.4.4","Save from trouble"
"21E Cause To Be Safe, Free from Danger","4.4.4.4","Save from trouble"
"21F Save in a Religious Sense","4.9.5.7","Salvation"
"22 Trouble, Hardship, Relief, Favorable Circumstances","4.4","Prosperity, trouble"
"22A Trouble, Hardship, Distress","4.4.2","Trouble"
"22B Experience Trouble, Hardship","4.4.2","Trouble"
"22C Cause Trouble, Hardship","4.4.2","Trouble"
"22D Difficult, Hard","4.4.2","Trouble"
"22E Relief from Trouble","4.4.4.7","Relief"
"22F Easy, Light","4.4.2","Trouble"
"22G Favorable Circumstances or State","4.4.1","Prosperity"
"23 Physiological Processes and States","2.2","Body functions"
"23A Eat, Drink","5.2.2","Eat"
"23B Processes Involving the Mouth, Other Than Eating and Drinking","2.2.2;3.5.6.3","Cough, sneeze;Facial expression"
"23B Processes Involving the Mouth, Other Than Eating and Drinking x","2.1.1;2.1.1.4;5.2.2.1","Bite, chew;Head;Mouth"
"23C Birth, Procreation","2.6.3","Birth"
"23D Sexual Relations","2.6.2","Sexual relations"
"23E Sleep, Waking x","5.7","Sleep"
"23F Tire, Rest","2.4.4;2.4.5","Rest;Tired"
"23G Live, Die","2.6;2.6.6","Die;Life"
"23H Health, Vigor, Strength","2.5","Healthy"
"23I Sickness, Disease, Weakness","2.5.1;2.5.2","Disease;Sick"
"23J Breathe, Breath","2.2.1","Breathe, breath"
"23K Grow, Growth","1.5.6;2.6.4.6;8.2.2.2","Grow, get bigger;Growth of plants;Tall"
"23L Ripen, Produce Fruit, Bear Seed","1.5.6","Growth of plants"
"23M Rot, Decay","8.3.7.8","Decay"
"24 Sensory Events and States","2.3","Sense, perceive"
"24A See","2.3.1;2.5.4;2.5.4.1","Blind;Disabled;See"
"24B Hear","2.3.2","Hear"
"24C Smell","2.3.4","Smell"
"24D Taste","2.3.3","Taste"
"24E Touch, Feel","2.3.5;7.3.4;7.3.4.1","Handle something;Sense of touch;Touch"
"24F Pain, Suffering","2.5.6;2.5.6.1","Pain;Symptom of disease"
"24G General Sensory Perception","2.3","Sense, perceive"
"25 Attitudes and Emotions","3.4","Emotion"
"25A Desire, Want, Wish","3.3","Want"
"25B Desire Strongly","3.3.1.8","Lust"
"25C Love, Affection, Compassion","4.3.3","Love"
"25D Hope, Look Forward To","3.2.7.1;3.2.7.2","Hope;Hopeless"
"25E Be Willing","3.3.2.4","Willing"
"25F Be Eager, Be Earnest, In a Devoted Manner","3.3.1.6;3.4.1.4;3.4.1.4.2","Determined;Enthusiastic;Interested"
"25G Content, Satisfied","3.4.1.1.6","Contentment"
"25H Acceptable To, To Be Pleased With","3.4.1.1.8;3.4.1.2","Happy;Pleased with"
"25I Thankful, Grateful","3.5.1.7.1","Thank"
"25J Enjoy, Take Pleasure In, Be Fond of Doing","3.4.1.2","Happy"
"25K Happy, Glad, Joyful","3.4.1.2","Happy"
"25L Laugh, Cry, Groan x","2.6.6.4;3.5.6.4;3.5.6.5;4.2.8;4.2.8.1","Cry, tear;Humor;Laugh;Mourn;Serious"
"25M Encouragement, Consolation","4.4.4","Respond to someone in trouble"
"25N Courage, Boldness","4.4.3;4.4.3.1","Brave;Respond to trouble"
"25O Patience, Endurance, Perseverance","3.3.1.6;4.3.1.5","Determined;Patient"
"25P Offend, Be Offended","3.4.2.3","Angry"
"25Q Abhor","3.4.2.1.1;3.4.2.1.2;3.4.2.1.3","Disgusted;Dislike;Hate, detest"
"25R Shame, Disgrace, Humiliation","3.4.2.2.1","Ashamed"
"25S Pride","3.4.1;3.4.1.1;3.4.1.1.2","Feel good;Like, love;Self-esteem"
"25T Surprise, Astonish","3.4.1.3","Surprise"
"25U Worry, Anxiety, Distress, Peace","3.4.2.4.1","Worried"
"25V Fear, Terror, Alarm","3.4.2.4","Afraid"
"25W Sorrow, Regret","3.4.2;3.4.2.1;3.4.2.2","Feel bad;Sad;Sorry"
"25X Discouragement","3.4.2;3.4.2.1","Feel bad;Sad"
"26 Psychological Faculties","3;3.1","Language and thought;Soul, spirit"
"27 Learn","3.2.2","Learn"
"27A Learn","3.2.2","Learn"
"27B Learn the Location of Something","7.6;7.6.2","Find;Hide"
"27C Learn Something Against Someone","4.7.5.1","Investigate a crime"
"27D Try To Learn","3.2.2.1","Study"
"27E Be Willing To Learn","3.2.2.7","Willing to learn"
"27F Be Ready To Learn, Pay Attention","3.1.2;3.1.2.1;3.1.2.3","Alert;Attention;Mental state"
"27G Recognize","3.2.6.2","Recognize"
"28 Know","3.2.3","Know"
"28A Know","3.2.3","Know"
"28B Known","3.2.3","Know"
"28C Well Known, Clearly Shown, Revealed","3.2.3.1","Known, unknown"
"28D Able To Be Known","3.2.3.1","Known, unknown"
"28E Not Able To Be Known, Secret","3.2.3.1;3.2.3.3","Known, unknown;Secret"
"29 Memory and Recall","3.2.6","Remember"
"29A Storing of Information","3.2.6.3","Memorize"
"29B Recalling from Memory","3.2.6","Remember"
"29C Not Remembering, Forgetting","3.2.6.1","Forget"
"29D Recalling and Responding with Appropriate Action","3.2.6","Remember"
"2A Elements","1.2.2.4","Mineral"
"2B Air","1.1.2","Air"
"2C Fire","5.5","Fire"
"2D Water","1.3","Water"
"2E Earth, Mud, Sand, Rock","1.2.2.1;1.2.2.2","Rock;Soil, dirt"
"2F Precious and Semiprecious Stones and Substances","1.2.2.5","Jewel"
"2G Metals","1.2.2.3","Metal"
"3 Plants","1.5","Plant"
"30 Think","3.2;3.2.1;3.2.1.1","Mind;Think;Think about"
"30A To Think, Thought","3.2;3.2.1;3.2.1.1","Mind;Think;Think about"
"30B To Think About, with the Implied Purpose of Responding Appropriately","3.2.1;3.2.1.1","Mind;Think about"
"30C To Think Concerning Future Contingencies","3.2.7","Expect"
"30D To Intend, To Purpose, To Plan","3.3.1.4","Intend"
"30E To Decide, To Conclude","3.3.1","Decide, plan"
"30F To Choose, To Select, To Prefer","3.3.1.2","Choose"
"30G To Distinguish, To Evaluate, To Judge","3.2.2.3","Evaluate, test"
"31 Hold a View, Believe, Trust","3.2.5","Opinion"
"31A Have an Opinion, Hold a View","3.2.5","Opinion"
"31B Hold a Wrong View, Be Mistaken","3.2.4.1","Misunderstand"
"31C Agree, Consent","3.2.5.4;3.2.5.4.1","Agree with someone;Disagree"
"31D Acknowledge","3.2.5","Opinion"
"31E Suppose, Think Possible","9.4.4.6;9.4.4.6.1","Think so;Unsure"
"31F Believe To Be True","3.2.5.1","Believe"
"31G Accept as True","3.2.5","Opinion"
"31H Change an Opinion Concerning Truth","3.2.5","Opinion"
"31I Trust, Rely","3.2.5.1.1","Trust"
"31J Be a Believer, Christian Faith","3.2.5.1;4.9.7.1","Believe;Religious person"
"32 Understand","3.2.4","Understand"
"32A Understand","3.2.4","Understand"
"32B Come To Understand","3.2.4","Understand"
"32C Ease or Difficulty in Understand","3.2.4","Understand"
"32D Capacity for Understanding","3.2.1.3","Intelligent"
"32E Lack of Capacity for Understanding","3.2.1.4","Stupid"
"33 Communication","3.5","Communication"
"33A Language","3.5.3","Language"
"33A"" Prophesy","4.9.4.6","Prophecy"
"33A' Advise","3.3.3;3.3.3.2","Advise;Influence"
"33B Word, Passage","3.5.3.1","Word"
"33B"" Swear, Put Under Oath, Vow","4.7.5.7","Take oath"
"33B' Urge, Persuade","3.3.3.3","Persuade"
"33C Discourse Types","3.5.4","Story"
"33C"" Bless, Curse","4.9.4.3;4.9.4.4","Bless;Curse"
"33C' Call","3.5.1.4.1;3.5.1.4.2","Call;Contact"
"33D Language Levels","3.5.1.1.6","Speech style"
"33D"" Non-Verbal Communication","3.5.6;3.5.6.1","Gesture;Sign, symbol"
"33D' Invite","4.2;4.2.1;4.2.1.1","Come together, form a group;Invite;Social activity"
"33E Written Language","3.5.7;3.5.7.1","Reading and writing;Write"
"33E' Insist","3.3.3.4","Insist"
"33F Speak, Talk","3.5.1","Say"
"33F' Command, Order","4.5.3.2","Command"
"33G Sing, Lament","4.2.3;4.2.3.3","Music;Sing"
"33G' Law, Regulation, Ordinance","4.7.1","Laws"
"33H Keep Silent","3.5.1.1;3.5.1.1.5","Say nothing;Voice"
"33H' Recommend, Propose","3.3.3.3;3.3.5","Offer;Persuade"
"33I Name","9.7.3","Name of a thing"
"33I' Intercede","3.3.2.3","Intercede"
"33J Interpret, Mean, Explain","3.5.8","Interpreting messages"
"33J' Thanks","3.5.1.7.1","Thank"
"33K Converse, Discuss","3.5.1.4","Speak with others"
"33K' Praise","3.5.1.7","Praise"
"33L Ask For, Request","3.3.2;3.5.1.5","Ask;Request"
"33L' Flatter","3.5.1.7.2","Flatter"
"33M Pray","4.9.5.2","Pray"
"33M' Boast","3.5.1.7.3","Boast"
"33N Question, Answer","3.5.1.5;3.5.1.5.1","Answer;Ask"
"33N' Foolish Talk","3.5.5","Foolish talk"
"33O Inform, Announce","3.5.2;3.5.2.1;3.5.3.2","Information;Make speech;Report"
"33O' Complain","3.5.1.8.5","Complain"
"33P Assert, Declare","3.5.2;3.5.2.1","Make speech;Report"
"33P' Insult, Slander","3.5.1.8.2","Insult"
"33Q Teach","3.6","Teach"
"33Q' Gossip","3.5.1.8.4","Gossip"
"33R Speak Truth, Speak Falsehood","3.5.1.3.1","Tell the truth"
"33R' Mock, Ridicule","3.5.1.8.2","Insult"
"33S Preach, Proclaim","3.5.2;3.5.2.1;4.9.5.4","Make speech;Religious ceremony;Report"
"33S' Criticize","3.5.1.8","Criticize"
"33T Witness, Testify","4.7.5.5","Witness, testify"
"33T' Rebuke","4.8.4.1","Rebuke"
"33U Profess Allegiance","4.5.4","Submit to authority"
"33U' Warn","3.3.3.7","Warn"
"33V Admit, Confess, Deny","3.5.2.4","Admit"
"33V' Accuse, Blame","4.7.5.3","Accuse, confront"
"33W Agree","3.2.5.4","Agree with someone"
"33W' Defend, Excuse","4.7.5.4","Defend against accusation"
"33X Foretell, Tell Fortunes","4.9.4.6","Prophecy"
"33X' Dispute, Debate","3.5.1.6","Debate"
"33Y Promise","3.5.1.9","Promise"
"33Y' Argue, Quarrel","3.5.1.6.2","Quarrel"
"33Z Threaten","3.3.3.8","Threaten"
"33Z' Oppose, Contradict","3.5.1.3.3","Contradict"
"34 Association","4;4.1","Relationships;Social behavior"
"34A Associate","4;4.1","Relationships;Social behavior"
"34B Join, Begin To Associate","4.1.7;4.2.1.8;4.2.1.8.1","Begin a relationship;Join an organization;Organization"
"34C Belong to, Be Included in the Membership of, Be Excluded From","4.2.1.8.3","Belong to an organization"
"34D Limit or Avoid Association","4.1.6.2","Set self apart"
"34E Establish or Confirm a Relation","4.1.7","Begin a relationship"
"34F Visit","4.2.1.4","Visit"
"34G Welcome, Receive","4.2.1.4.1","Welcome, receive"
"34H Show Hospitality","4.2.1.4.2","Show hospitality"
"34I Kiss, Embrace","3.5.1.4.3;4.1.8","Greet;Show affection"
"34J Marriage, Divorce","2.6.1;2.6.1.4","Divorce;Marriage"
"35 Help, Care For","4.3.4","Do good to"
"35A Help","4.3.4.2","Help"
"35B Serve","4.5.4.3","Serve"
"35C Provide For, Support","4.3.4.5;4.3.4.5.1","Provide for, support;Share with"
"35D Care For, Take Care Of","4.3.4.5.2","Care for"
"35E Entrust To the Care Of","4.3.4.5.3","Entrust to the care of"
"35F Rear, Bring Up","2.6.4.2.1","Rear a child"
"35G Adopt","4.1.9.6","Adopt"
"35H Desert, Forsake","4.3.3.3","Abandon"
"36 Guide, Discipline, Follow","4.5.3.1","Lead"
"36A Guide, Lead","4.5.3.1","Lead"
"36B Discipline, Train","4.5.3.3","Discipline, train"
"36C Obey, Disobey","4.5.4.2","Disobey"
"36D Follow, Be a Disciple","4.5.4.5","Follow, be a disciple"
"37 Control, Rule","4.6;4.6.4","Government;Rule"
"37A Control, Restrain","7.2.6.2","Prevent from moving"
"37B Compel, Force","3.3.3.5","Compel"
"37C Exercise Authority","3.3.4;3.3.4.1;4.5;4.5.3","Ask permission;Authority;Exercise authority;Give permission"
"37D Rule, Govern","4.6;4.6.4","Government;Rule"
"37E Assign to a Role or Function","4.5.3.4","Appoint, delegate"
"37F Seize, Take into Custody","4.6.6;4.6.6.1;4.6.6.1.1;7.2.6.1","Arrest;Catch, capture;Government functions;Police"
"37G Hand Over, Betray","4.8.2.7","Betray"
"37H Imprison","4.7.7.3","Imprison"
"37I Guard, Watch Over","4.7.7.3","Imprison"
"37J Release, Set Free","3.3.4.5;7.2.6.4","Free to do what you want;Set free"
"38 Punish, Reward","4.7.7","Punish"
"38A Punish","4.7.7","Punish"
"38B Reward, Recompense","4.7.7.1","Reward"
"39 Hostility, Strife","4.8;4.8.1;4.8.1.1;4.8.3","Conflict;Hostility;Oppose;War"
"39A Opposition, Hostility","4.1.6","Disunity"
"39B Division","4.1.6","Disunity"
"39C Resistance","4.8.2.2","Fight against something bad"
"39D Yielding","4.5.4;4.8.3.4","Submit to authority;Surrender"
"39E Strife, Struggle","4.8.1;4.8.1.1","Hostility;Oppose"
"39F Revenge","4.8.2.5","Revenge"
"39G Rebellion","4.5.4.6","Rebel against authority"
"39H Riot","4.8.2.6","Riot"
"39I Persecution","4.7.9.6","Oppress"
"39J Attack","4.8.2.3","Attack"
"39K Ambush","4.8.2.3.1","Ambush"
"39L Conquer","4.8.3.1","Defeat"
"3A Plants","1.5","Plant"
"3B Trees","1.5.1","Tree"
"3C Plants That Are Not Trees","1.5.3;1.5.4","Grass, herb, vine;Moss, fungus, algae"
"3D Fruit Parts of Plants","1.5.5;5.2.3;5.2.3.1;5.2.3.1.2","Food from fruit;Food from plants;Parts of a plant;Types of food"
"3E Non-Fruit Parts of Plants","1.5.5","Parts of a plant"
"3F Wood and Wood Products","6.2.5;6.2.5.4","Harvest;Plant product"
"4 Animals","1.6","Animal"
"40 Reconciliation, Forgiveness","4.8.4.9","Reconcile"
"40A Reconciliation","4.8.4.9","Reconcile"
"40B Forgiveness","4.8.4.7","Forgive"
"41 Behavior and Related States","4.3","Behavior"
"41A Behavior, Conduct","4.3","Behavior"
"41B Custom, Tradition","4.3.9;4.3.9.1","Culture;Custom"
"41C Particular Patterns of Behavior","4.3.1","Good, moral"
"41D Imitate Behavior","8.3.5.5","Imitate"
"41E Change Behavior","4.3.8;4.8.4.6","Change behavior;Repent"
"42 Perform, Do","9.1.2","Do"
"42A Function","9.1.2","Do"
"42B Do, Perform","9.1.2","Do"
"42C Make, Create","9.1.2.3;9.1.2.5","Create;Make"
"42D Work, Toil","6;6.1","Work;Work and occupation"
"42E Craft, Trade","6.6","Occupation"
"43 Agriculture","6.2","Agriculture"
"44 Animal Husbandry, Fishing","6.3;6.4","Animal husbandry;Hunt and fish"
"45 Building, Constructing","6.5","Working with buildings"
"46 Household Activities","5","Daily life"
"47 Activities Involving Liquids or Masses","1.3.2","Movement of water"
"47A Movement of Liquids or Masses","1.3.2","Movement of water"
"47B Use of Liquids","5.6","Cleaning"
"47C Application and Removal of Liquids or Masses","1.3.3;1.3.3.1;5.4.5","Anoint the body;Dry;Wet"
"48 Activities Involving Cloth","6.6.1","Working with cloth"
"49 Activities Involving Clothing and Adorning","5.3.7;5.4","Adornment;Wear clothing"
"4A Animals","1.6.1","Types of animals"
"4B Birds","1.6.1.2","Bird"
"4C Insects","1.6.1.7","Insect"
"4D Reptiles and Other 'Creeping Things'","1.6.1.3","Reptile"
"4E Fishes and Other Sea Creatures","1.6.1.5;1.6.1.6;1.6.1.9","Fish;Shark, ray;Small animals"
"5 Foods and Condiments","5.2","Food"
"50 Contests and Play","4.2.6","Entertainment, recreation"
"51 Festivals","4.2.2;4.2.2.1;4.2.2.2;4.2.2.3","Celebrate;Ceremony;Festival, show;Social event"
"52 Funerals and Burial","2.6.6.3;2.6.6.5","Bury;Funeral"
"53 Religious Activities","4.9.5","Practice religion"
"53A Religious Practice","4.9.5","Practice religion"
"53B Offering, Sacrifice","4.9.5.5","Offering, sacrifice"
"53C Purify, Cleanse","4.9.5.6","Religious purification"
"53D Defiled, Unclean, Common","4.9.5.6","Religious purification"
"53E Baptize","4.9.5.6","Religious purification"
"53F Dedicate, Consecrate","4.9.5.8","Dedicate to religious use"
"53G Worship, Reverence","4.9.5.3","Worship"
"53H Fasting","4.9.5.9","Fasting"
"53I Roles and Functions","4.9.7.1","Religious person"
"53J Magic","4.9.4.1","Sorcery"
"53K Exorcism","4.9.4.2","Demon possession"
"53L Sacrilege","4.9.9","Irreligion"
"54 Maritime Activities","7.2.4.2","Travel by water"
"55 Military Activities","4.8.3","War"
"55A To Arm","4.8.3.7","Weapon, shoot"
"55B To Fight","4.8.2","Fight"
"55C Army","4.8.3.6;4.8.3.6.1","Army;Military organization"
"55D Soldiers, Officers","4.8.3.6.4","Soldier"
"55E Prisoner of War","4.8.3.5","Prisoner of war"
"56 Courts and Legal Procedures","4.7","Law"
"56A Court of Justice","4.7.4","Court of law"
"56B Lawsuit, Case","4.7.4","Court of law"
"56C Accusation","4.7.5.3","Accuse, confront"
"56D Judicial Hearing, Inquiry","4.7.5","Trial"
"56E Judge, Condemn, Acquit","4.7.6","Judge, render a verdict"
"56F Obtain Justice","4.7.6","Judge, render a verdict"
"56G Attorney, Lawyer","4.7.4.1","Legal personnel"
"56H Lead Off to Punishment","4.7.6","Judge, render a verdict"
"57 Possess, Transfer, Exchange","6.8","Finance"
"57A Have, Possess, Property, Owner","6.8.1","Have wealth"
"57B Have Sufficient","8.1.7","Enough"
"57C Be Rich, Be Wealthy","6.8.1.2","Rich"
"57D Treasure","6.8.1.5","Possession, property"
"57E Need, Lack","7.4.6;8.1.7.2;8.1.7.3","Lack;Need;Not have"
"57F Be Poor, Be Needy, Poverty","6.8.1.3","Poor"
"57G Take, Obtain, Gain, Lose","6.8.2","Accumulate wealth"
"57H Give","6.8.3;6.8.3.1;7.4;7.4.1","Give, donate;Give, hand to;Have, be with;Share wealth"
"57I Receive","7.4.2","Receive"
"57J Exchange","6.8.4.9;7.5.6","Exchange, trade;Substitute"
"57K Spend, Waste","6.8.4.7","Spend"
"57L Pay, Price, Cost","6.8.4.5","Pay"
"57M Hire, Rent Out","6.8.4.6","Hire, rent"
"57N Tax, Tribute","6.8.8","Tax"
"57O Sell, Buy, Price","6.8.4;6.8.4.1","Buy;Financial transaction"
"57P Earn, Gain, Do Business","6.8.2.2","Make profit"
"57P Earn, Gain, Do Business x","6.8.2.7","Earn"
"57Q Lend, Loan, Interest, Borrow, Bank","6.8.5;6.8.5.3","Borrow;Owe"
"57R Owe, Debt, Cancel","6.8.5;6.8.5.3","Borrow;Owe"
"57S Be a Financial Burden","6.8.1.3","Poor"
"57T Keep Records","6.8.7","Accounting"
"57U Steal, Rob","6.8.9;6.8.9.1","Dishonest financial practices;Steal"
"58 Nature, Class, Example","8.3.5","Type, kind"
"58A Nature, Character","8.3.5.1","Nature, character"
"58B Appearance as an Outward Manifestation of Form","2.3.1.8","Appearance"
"58C Basic Principles or Features Defining the Nature of Something","8.3.5.1","Nature, character"
"58D Class, Kind","8.3.5","Type, kind"
"58E Same or Equivalent Kind or Class","8.3.5.2.1","Same"
"58F Different Kind or Class","8.3.5.2.3","Different"
"58G Distinctive, Unique","8.3.5.3.3","Unique"
"58H Unusual, Different From the Ordinary","8.3.5.3;8.3.5.3.2","Common;Unusual"
"58I Pattern, Model, Example, and Corresponding Representation","8.3.5.4","Pattern, model"
"58J Archetype, Corresponding Type","8.3.5.4","Pattern, model"
"58K New, Old","8.4.6.5;8.4.6.5.3;8.4.6.5.4","Age;New;Old, not new"
"59 Quantity","8.1","Quantity"
"59A Many, Few","8.1.3;8.1.3.1","Many, much;Plural"
"59B Much, Little","8.1.3;8.1.3.1;8.1.3.2","Few, little;Many, much;Plural"
"59C All, Any, Each, Every","8.1.5","All"
"59D Full, Empty","8.1.8;8.1.8.1","Empty;Full"
"59E Enough, Sufficient","8.1.7","Enough"
"59F Abundance, Excess, Sparing","8.1.3;8.1.3.1;8.1.7.1","Extra;Many, much;Plural"
"59G Increase, Decrease","8.1.4;8.1.4.2;8.1.4.3","Decrease;Increase;More"
"59H Add, Subtract","7.5.2.3","Add to something"
"59H Add, Subtract x","8.1.2;8.1.2.2","Add numbers;Count"
"5A Food","5.2","Food"
"5B Condiments","5.2.3.3;5.2.3.4","Cooking ingredients;Prepared food"
"6 Artifacts","6.7","Tool"
"60 Number","8.1.1","Number"
"60A Number, Countless","8.1.1","Number"
"60B One, Two, Three, Etc.","8.1.1.1","Cardinal numbers"
"60C First, Second, Third, Etc.","8.1.1.2","Ordinal numbers"
"60D Half, Third, Fourth","8.1.1.6","Fraction"
"60E Once, Twice, Three Times, Etc. x","8.1.1.3","Number of times"
"60F Double, Four Times As Much, Etc.","8.1.1.4","Multiples"
"60G Pair, Group","8.1.1.5","Numbered group"
"61 Sequence","8.4.5.1","Order, sequence"
"62 Arrange, Organize","7.5","Arrange"
"62A Put Together, Arrange","7.5","Arrange"
"62B Organize","7.5.5","Organize"
"63 Whole, Unite, Part, Divide","8.1.6","Whole, complete"
"63A Whole","8.1.6","Whole, complete"
"63B Unite","4.1.5;7.5.2","Join, attach;Unity"
"63C Mix","7.5.3","Mix"
"63D Part","8.1.6.1","Part"
"63E Remnant","8.1.7.4","Remain, remainder"
"63F Divide","7.8","Divide into pieces"
"63G Separate","7.5.1.1","Separate, scatter"
"64 Comparison","8.3.5.2","Compare"
"65 Value","8.3.7.9","Value"
"65A Valuable, Lacking in Value","8.3.7.9","Value"
"65B Worthy, Not Worthy","8.3.7.9","Value"
"65C Good, Bad","8.3.7","Good"
"65D Useful, Useless","6.1.2.2;6.1.2.2.1;6.1.2.2.2","Use;Useful;Useless"
"65E Advantageous, Not Advantageous","6.1.2.2;6.1.2.2.1;6.1.2.2.2","Use;Useful;Useless"
"65F Important, Unimportant","8.3.7.5","Important"
"66 Proper, Improper","8.3.7.7;8.3.7.7.1","Right, proper;Wrong, unsuitable"
"67 Duration of Time","8.4.6","Aspectual time"
"67 Points of Time","8.4.1.2.3;8.4.5","Relative time;Time of the day"
"67 Time","8.4","Time"
"67 Units of Time","8.4.1","Period of time"
"67A A Point of Time without Reference to Other Points of Time: Time, Occasion, Ever, Often","8.4.3","Indefinite time"
"67B A Point of Time with Reference to Other Points of Time: Before, Long Ago, Now, At the Same Time, When, About, After","8.4.5","Relative time"
"67C A Point of Time with Reference to Duration of Time: Beginning, End","8.4.6.1.3","End"
"67D A Point of Time with Reference to Units of Time: Daybreak, Midday, Midnight, Late","8.4.1.2.3","Time of the day"
"67E Duration of Time without Reference to Points or Units of Time: Time, Spend Time, Always, Eternal, Old, Immediately, Young","8.4.2","Take time"
"67F Duration of Time with Reference to Some Point of Time: Until, Delay, Still, From","8.4.6","Aspectual time"
"67G Duration of Time with Reference to Some Unit of Time: During, In, While, Throughout","8.4.5.2.2;8.4.5.2.3","At the same time;During"
"67H Indefinite Units of Time: Age, Lifetime, Interval, Period","8.4.1","Period of time"
"67I Definite Units of Time: Year, Month, Week, Day, Hour","8.4.1","Period of time"
"67J Units of Time with Reference to Other Units or Points of Time: Yesterday, Today, Next Day","8.4.1.2;8.4.1.2.2","Day;Yesterday, today, tomorrow"
"68 Aspect","8.4.6","Aspectual time"
"68A Begin, Start","8.4.6.1","Start something"
"68B Continue","8.4.7","Continue, persevere"
"68C Complete, Finish, Succeed","6.1.2.3.5;6.1.3;6.1.3.2","Complete, finish;Difficult, impossible;Succeed"
"68D Cease, Stop","7.2.7;7.2.7.1","Not moving;Stop moving"
"68E Try, Attempt","6.1.2;6.1.2.1","Method;Try, attempt"
"68F Do Intensely or Extensively","6.1.2.3","Work well"
"68G Rapidity, Suddenness","8.4.6.4;8.4.6.4.4;8.4.8;8.4.8.3","Future;Immediately;Speed;Sudden"
"69 Affirmation, Negation","9.4.6","Yes"
"69A Affirmation","9.4.6","Yes"
"69B Negation","9.4.6.1","No, not"
"69C Negation Combined with Clitics","9.4.6.1","No, not"
"69D Markers for an Affirmative Response to Questions","9.4.6.2","Markers expecting an affirmative answer"
"69E Markers for an Negative Response to Questions","9.4.6.3","Markers expecting a negative answer"
"6A Artifacts","6.7","Tool"
"6B Instruments Used in Agriculture and Husbandry","6.2.8","Agricultural tool"
"6C Instruments used in Fishing","6.4.5;6.4.5.3","Fishing;Fishing equipment"
"6D Instruments Used in Binding and Fastening","6.7.5;7.5.4.1","Fastening tool;Rope, string"
"6E Traps, Snares","6.4.2","Trap"
"6F Instruments Used in Punishment and Execution","4.7.7.4","Execute"
"6G Weapons and Armor","4.8.3.7","Weapon, shoot"
"6H Boats and Parts of Boats","7.2.4.2.1","Boat"
"6I Vehicles","7.2.4.1;7.2.4.1.1","Travel by land;Vehicle"
"6J Instruments Used in Marking and Writing","3.5.7;3.5.7.1","Reading and writing;Write"
"6K Money and Monetary Units","6.8.6","Money"
"6L Musical Instruments","4.2.3.5","Musical instrument"
"6M Images and Idols","4.9.8;4.9.8.1","Idol;Religious things"
"6N Lights and Light Holders","8.3.3.1;8.3.3.1.1","Light source;Shine"
"6O Furniture","5.1;5.1.1","Furniture;Household equipment"
"6P Containers","6.7.7","Container"
"6Q Cloth, Leather, and Objects Made of Such Materials","5.3","Clothing"
"6R Adornments","5.4.1","Jewelry"
"6S Plant Products","6.2.5;6.2.5.4","Harvest;Plant product"
"6T Medicines","2.5.7;2.5.7.2","Medicine;Treat disease"
"6U Perfumes and Incense","5.4.5","Anoint the body"
"6V Instruments for Measuring","8.2.8","Measure"
"6W Miscellaneous","6.7","Tool"
"7 Constructions","6.5","Working with buildings"
"70 Real, Unreal","3.5.1.3.5","Real"
"71 Mode","9.4;9.4.2;9.4.4","Agent-oriented modalities;Epistemic moods;Semantic constituents related to verbs"
"71A Possible, Impossible","9.4.4.4;9.4.4.9","Impossible;Possible"
"71B Probable, Improbable","9.4.4.3","Probably"
"71C Certain, Uncertain","9.4.4.1;9.4.4.5","Certainly, definitely;Uncertain"
"71D Should, Ought","9.4.3;9.4.3.2","Hortative;Moods"
"71E Necessary, Unnecessary","9.4.2.3","Necessary"
"72 True, False","3.5.1.3","True"
"72A True, False","3.5.1.3","True"
"72B Accurate, Inaccurate","3.5.1.3","True"
"73 Genuine, Phony","3.5.1.3.5","Real"
"74 Able, Capable","9.4.2.1","Can"
"75 Adequate, Qualified","6.1.2.3","Work well"
"76 Power, Force","6.1.2.3.4","Power, force"
"77 Ready, Prepared","6.1.2.6","Prepare"
"78 Degree","9.3;9.3.1","Degree;Very"
"78A Much, Little","9.3.1.1;9.3.1.2","To a large degree;To a small degree"
"78B More Than, Less Than","9.3.1.3;9.3.1.4","To a larger degree;To a smaller degree"
"78C About, Approximately, Almost, Hardly","8.1.5.8;8.1.5.8.1","Approximate;Exact"
"78D Completely, Enough","9.3.2","Completely"
"78E Up to, As Much As, To the Degree That","9.3;9.3.1","Degree;Very"
"79 Features of Objects","8.3","Quality"
"79A Physical, Spiritual","9.1.3;9.1.3.1","Physical, non-physical;Thing"
"79A' Rolled up","8.3.1.5.1","Roll up"
"79B Natural, Spiritual","1.7;1.7.1;9.1.3;9.1.3.1","Natural;Nature, environment;Physical, non-physical;Thing"
"79B' Large, Small","8.2;8.2.1","Big;Small"
"79C Solid, Liquid","1.2.3","Solid, liquid, gas"
"79C' Perfect","8.3.7.3","Perfect"
"79D Beautiful, Ugly","2.3.1.8.1;2.3.1.8.2","Beautiful;Ugly"
"79E Glorious","8.3.8;8.3.8.2","Decorated;Glory"
"79F Transparent","2.3.1.6","Transparent"
"79G Color","8.3.3.3","Color"
"79H Sweet, Bitter, Tasteless","2.3.3","Taste"
"79I Fragrance, Odor","2.3.4","Smell"
"79J Clean, Dirty","5.6.1","Clean, dirty"
"79K Spotted, Spotless","5.6.1","Clean, dirty"
"79L Blemished, Unblemished","8.3.7.8.2","Blemish"
"79M Strong, Weak","2.4;2.4.1;2.4.2;8.3.6.1","Body condition;Strong;Strong, brittle;Weak"
"79N Hot, Lukewarm, Cold","8.3.4;8.3.4.1","Cold;Hot"
"79O Wet, Dry","1.3.3;1.3.3.1","Dry;Wet"
"79P Uneven, Level","8.3.2;8.3.2.2","Rough;Texture"
"79Q Straight, Crooked","8.3.1.3;8.3.1.5","Bend;Straight"
"79R Two-Dimensional and Three-Dimensional Shapes","8.3.1","Shape"
"79S Sharp","8.3.2.3","Sharp"
"79T Pure, Unadulterated, Undiluted","7.5.3.1","Pure, unmixed"
"79U Soft, Tender","8.3.6.5","Soft, flimsy"
"79V Male, Female","2.6.5","Male, female"
"79W Shapes","8.3.1","Shape"
"79X Open, Closed","7.3.6","Open"
"79Y Covered Over","7.3.7","Cover"
"79Z Wrapped","7.3.7.2","Wrap"
"7A Constructions","6.5","Working with buildings"
"7B Buildings","6.5.1","Building"
"7C Parts and Areas of Buildings","6.5.2","Parts of a building"
"7D Open Constructions","6.5.1","Building"
"7E Constructions for Holding Water","6.6.7","Working with water"
"7F Walls and Fences","6.5.1.5;6.5.2.1","Fence, wall;Wall"
"7G Miscellaneous Constructions","2.6.6.6;6.2.6;6.2.6.1;6.2.6.2;6.6.2;6.6.2.3;6.6.2.4;6.6.2.5","Grave;Mill grain;Process harvest;Winnow grain;Working with clay;Working with glass;Working with metal;Working with minerals"
"7H Building Materials","6.5.3","Building materials"
"8 Body, Body Parts, and Body Products","2.1","Body"
"80 Space","8.5.4","Area"
"80A Space, Place","8.5.4;8.5.4.1","Area;Vicinity"
"80B Limits, Boundaries of Space","6.5.4.2;7.3.6.3","Boundary;Limit"
"81 Spatial Dimensions","8.2.8","Measure"
"81A Measure, To Measure","8.2.8","Measure"
"81B High, Low, Deep","8.2.2.2;8.2.6.3;8.2.6.4;8.2.6.5","Deep, shallow;High;Low;Tall"
"81C Long, Short, Far","8.2.2;8.2.2.1;8.2.2.3","Long;Short, not long;Short, not tall"
"81D Narrow, Wide","8.2.3;8.2.3.1;8.2.3.2;8.2.3.3;8.2.4;8.2.4.1","Fat person;Narrow;Thick;Thin person;Thin thing;Wide"
"81E Specific Measures of Volume","8.2.5;8.2.5.1","Big area;Big container, volume"
"81F Specific Measures of Length","8.2.2","Long"
"82 Spatial Orientation","8.5.2","Direction"
"82A North, South, East, West","8.5.2.8","North, south, east, west"
"82B Left, Right, Straight Ahead, Opposite","8.5.2","Direction"
"83 Spatial Positions","8.5","Location"
"83A Here, There","8.5.1","Here, there"
"83B Where, Somewhere, Everywhere","8.5","Location"
"83C Among, Between, In, Inside","8.5.1.2.2;8.5.1.4","Between;Inside"
"83D Around, About, Outside","8.5.1.2.1;8.5.1.4.1","Around;Out, outside"
"83E At, Beside, Near, Far","8.5.1.2;8.5.3","Be at a place;Beside"
"83E At, Beside, Near, Far x","8.2.6;8.2.6.1;8.2.6.2;8.5.1.5;8.5.1.5.1","Distance;Far;Near;Next to;Touching, contact"
"83F In Front Of, Face To Face, In Back Of, Behind","8.5.1.1","In front of"
"83G Opposite, Over Against, Across From, Offshore From","8.5.1.6","Across"
"83H On, Upon, On the Surface Of","8.5.1.3","On"
"83I Above, Below","8.5.1.3.1","Above"
"83J Beyond, On the Other Side Of","8.5.1.6","Across"
"84 Spatial Extensions","7.3.4.7","Extend"
"84A Extension From a Source","7.3.4.7","Extend"
"84B Extension To a Goal","7.3.4.7","Extend"
"84C Extension Along a Path","7.3.4.7","Extend"
"85 Existence in Space","8.5.3","Be at a place"
"85A Be in a Place","8.5.3","Be at a place"
"85B Put, Place","7.3.4.3;7.5.9","Put;Put down"
"85C Remain, Stay","7.2.7.2","Stay, remain"
"85D Leave in a Place","7.4.5;7.4.5.1","Keep something;Leave something"
"85E Dwell, Reside","5.9","Live, stay"
"86 Weight","8.2.9","Weigh"
"86A Heavy, Light","8.2.9.1;8.2.9.2","Heavy;Light in weight"
"86B Pound, Talent","8.2.9","Weigh"
"87 Status","4.5.6","Status"
"87A Position, Rank","4.5.6","Status"
"87B Honor or Respect in Relation to Status","4.5.5","Honor"
"87C High Status or Rank","4.5.6.1","High status"
"87D Low Status or Rank","4.5.6.2","Low status"
"87E Slave, Free","4.5.4.4","Slave"
"88 Moral and Ethical Qualities and Related Behavior","4.3","Behavior"
"88A Goodness","8.3.7","Good"
"88A' Arrogance, Haughtiness, Pride","4.3.2.3","Proud"
"88B Just, Righteous","4.3.1","Good, moral"
"88B' Stubbornness","3.3.1.7","Stubborn"
"88C Holy, Pure","4.3.1;4.9.5.6","Good, moral;Religious purification"
"88C' Hypocrisy, Pretense","4.3.5.6","Hypocrite"
"88D Perfect, Perfection","4.3.1.2;8.3.7.3","Meet a standard;Perfect"
"88D' Show Favoritism, Prejudice","4.7.9;4.7.9.4","Discriminate, be unfair;Justice"
"88E Honesty, Sincerity","3.5.1.3.1","Tell the truth"
"88E' Being a Busybody","4.3.4.6","Meddle"
"88F Modesty, Propriety","4.3.1.2;4.3.2.2","Humble;Meet a standard"
"88F' Laziness, Idleness","6.1.2.4;6.1.2.4.2","Lazy;Work poorly"
"88G Humility","4.3.2.2","Humble"
"88G' Extravagant Living, Intemperate Living","4.3.6.1","Lack self-control"
"88H Gentleness, Mildness","4.4.4.3","Gentle"
"88H' Impurity","4.3.1.1","Bad, immoral"
"88I Kindness, Harshness","4.3.4","Do good to"
"88I' Licentiousness, Perversion","4.3.1.1","Bad, immoral"
"88J Mercy, Merciless","4.4.4.1","Mercy"
"88J' Sexual Misbehavior","2.6.2.3","Sexual immorality"
"88K Self-Control, Lack of Self-Control","4.3.6;4.3.6.1","Lack self-control;Self-controlled"
"88K' Drunkenness","5.2.3.7;5.2.3.7.2","Alcoholic beverage;Drunk"
"88L Sensible Behavior, Senseless Behavior","4.3.1.3.2","Sensible"
"88L' Sin, Wrongdoing, Guilt","4.3.1.1","Bad, immoral"
"88M Mature Behavior","4.3.1.3;4.3.1.3.1","Immature in behavior;Mature in behavior"
"88N Peaceful Behavior","4.8.4","Peace"
"88O Bad, Evil, Harmful, Damaging","8.3.7.1","Bad"
"88P Treat Badly","4.3.4.1","Do evil to"
"88Q Act Harshly","4.7.9.5","Act harshly"
"88R Act Lawlessly","4.7.3","Break the law"
"88S Exploit","6.8.9.2","Cheat"
"88T Act Shamefully","3.4.2.2.1;4.3.1.1","Ashamed;Bad, immoral"
"88U Mislead, Lead Astray, Deceive","4.3.5;4.3.5.5","Deceive;Honest"
"88V Envy, Jealousy","3.4.2.1.8","Jealous"
"88W Resentful, Hold a Grudge Against","3.4.2.3","Angry"
"88X Anger, Be Indignant With","3.4.2.3","Angry"
"88Y Despise, Scorn, Contempt","4.3.2;4.3.2.1","Admire someone;Despise someone"
"88Z Hate, Hateful","3.4.2.1.2;4.3.3.1","Hate, detest;Hate, ill will"
"89 Relations","9.6","Connected with, related"
"89A Relation","4;4.1;9.6","Connected with, related;Relationships;Social behavior"
"89B Dependency","9.6.2","Dependency relations"
"89C Derivation","9.6.2.1","Derivation"
"89D Specification","9.6.2.2","Limitation of topic"
"89E Relations Involving Correspondence","9.6.2.3","Relations involving correspondences"
"89F Basis","9.6.2.4","Basis"
"89G Cause and/or Reason","9.6.2.5;9.6.2.5.1;9.6.2.5.2","Cause;Reason;Without cause"
"89H Result","9.6.2.6;9.6.2.6.1","Result;Without result"
"89I Purpose","3.3.1.1;9.6.2.7;9.6.2.7.1","Purpose;Purpose, goal;Without purpose"
"89J Condition","9.6.2.8","Condition"
"89K Concession","9.6.2.9","Concession"
"89L Means","9.5.1.3","Means"
"89M Attendant Circumstances","9.5.1.5","Attendant circumstances"
"89N Manner","9.5.1.4","Way, manner"
"89O Sequential Addition","8.4.5.2.1","After"
"89P Distribution","9.6.1.7","Distribution"
"89Q Addition","9.6.1;9.6.1.1","And, also;Coordinate relations"
"89R Linkage","9.5.3;9.5.3.3","Patient-related cases;With (a patient)"
"89S Equivalence","9.6.1.8","Equivalence"
"89T Association","4;4.1","Relationships;Social behavior"
"89U Dissociation","9.6.1.6","Dissociation"
"89V Combinative Relation","9.6.1.4","Combinative relation"
"89W Contrast","9.6.1.5","But"
"89X Alternative Relation","9.6.1.2","Or, either"
"89Y Substance","8.3.6","Made of, material"
"89Z Mediation","4;4.1","Relationships;Social behavior"
"8A Body","2.1","Body"
"8B Parts of the Body","2.1","Body"
"8C Physiological Products of the Body","2.2","Body functions"
"9 People","2","Person"
"90 Case","9.5","Case"
"90A Agent, Personal or Nonpersonal, Causative or Immediate, Direct or Indirect","9.5","Case"
"90B Instrument","9.5.1.2","Instrument"
"90C Source of Event or Activity","9.5","Case"
"90D Responsibility","9.5","Case"
"90E Viewpoint Participant","9.5","Case"
"90F Content","9.5","Case"
"90G Guarantor Participant with Oaths","9.5","Case"
"90H Opposition","9.5","Case"
"90I Benefaction","9.5.1;9.5.1.1","Beneficiary of an event;Primary cases"
"90J Reason Participant","9.5","Case"
"90K Agent of a Numerable Event","9.5","Case"
"90L Agent in a Causative Role Marked by Verbs","9.5","Case"
"90M Experiencer","9.5","Case"
"90N To Cause To Experience","9.5","Case"
"91 Discourse Markers","9.6.3","Discourse markers"
"91A Markers of Transition","9.6.3.1","Markers of transition"
"91B Markers of Emphasis","9.6.3.2","Markers of emphasis"
"91C Prompters of Attention","9.6.3.3","Prompters of attention"
"91D Markers of Direct Address","9.6.3.4","Markers of direct address"
"91E Markers of Identificational and Explanatory Clauses","9.6.3.5","Markers of identificational and explanatory clauses"
"92 Discourse Referentials","9.2;9.2.3","Part of speech;Pronouns"
"92A Speaker","9.2;9.2.3","Part of speech;Pronouns"
"92B Speaker and Those Associated with the Speaker","9.2;9.2.3","Part of speech;Pronouns"
"92C Receptor, Receptors","9.2;9.2.3","Part of speech;Pronouns"
"92D Whom or What Spoken or Written About","9.2;9.2.3","Part of speech;Pronouns"
"92E Reciprocal Reference","9.2.3.1","Reflexive pronouns"
"92F Relative Reference","9.2.3.3","Relative pronouns"
"92G Demonstrative or Deictic Reference","9.2.3.5","Demonstrative pronouns"
"92H Emphatic Adjunct","9.2;9.2.3","Part of speech;Pronouns"
"93 Names of Persons and Places","9.7","Name"
"93A Persons","9.7.1","Name of a person"
"93B Places","9.7.2","Name of a place"
"9A Human Beings","2","Person"
"9B Males","1.6.7;2.6.5.1","Male and female animals;Man"
"9C Females","1.6.7;2.6.5.2","Male and female animals;Woman"
"9D Children","2.6.4;2.6.4.2","Child;Stage of life"
"9E Persons For Whom There Is Affectionate Concern","9.7.1","Name of a person"
